"Empresa Genera",Año,Mes,Planta,"Energia Punta","Energia Valle","Energia Noche","Potencia Gen Punta","Potencia Gen Valle","Potencia Gen Noche","Potencia Sist Punta","Potencia Sist Valle","Potencia Sist Noche","Fecha Max","Hora Max","Factor Carga","Consumo Diesel","Consumo Bun","Consumo Bun AZ","Consumo Otro","Consumo Lub","Gasto Diesel","Gasto Bun","Gasto Bun AZ","Gasto Otro","Gasto Lub"
"INSTITUTO COSTARRICENSE DE ELECTRICIDAD",2018,"Diciembre ",ANGOSTURA,5963913.943,12342557.205,22372462.569,119313.09,119366.527,120163.453,100820.607,95941.407,117716.042,07-12-0201,"Jan 1",0.3038,,,,,,,,,,
"INSTITUTO COSTARRICENSE DE ELECTRICIDAD",2018,"Diciembre ",ARENAL,15713755.824,28365484.004,33046546.562,159248.246,159838.395,159055.691,158160.766,158216.012,157800.266,03-12-0201,"Jan 1",0.6245,,,,,,,,,,
"INSTITUTO COSTARRICENSE DE ELECTRICIDAD",2018,"Diciembre ",BARRANCA,0,0,0.291,-65.749,-66.535,-66.005,-68.362,-68.571,-68.878,28-12-0201,"Jan 1",0.0000,0,0,0,0,0,0.01,0,0,0,0
"INSTITUTO COSTARRICENSE DE ELECTRICIDAD",2018,"Diciembre ","BOCA DE POZO",691901.366,1236417.788,1366005.996,4767.981,4795.538,4819.353,4721.674,4724.078,4733.935,02-12-0201,"Jan 1",0.8856,,,,,,,,,,
"INSTITUTO COSTARRICENSE DE ELECTRICIDAD",2018,"Diciembre ",CACHÍ,3571716.154,7354876.354,11546221.711,87873.012,111916.418,112011.016,74555.695,81388.574,103041.092,04-12-0201,"Jan 1",0.1900,,,,,,,,,,
"INSTITUTO COSTARRICENSE DE ELECTRICIDAD",2018,"Diciembre ","RÍO MACHO",4778854.745,9783085.183,15459786.587,89359.516,120841.896,104949.683,30640.676,34941.883,41614.104,09-12-0201,"Jan 1",0.2882,,,,,,,,,,
"INSTITUTO COSTARRICENSE DE ELECTRICIDAD",2018,"Diciembre ","SAN ANTONIO GAS",0,0,0,0,0,0,0,0,0,01-12-0201,"Jan 1",0.0000,0,0,0,0,0,0.04,0,0,0,0
"INSTITUTO COSTARRICENSE DE ELECTRICIDAD",2018,"Diciembre ",SANDILLAL,3149908.711,5635088.243,6271955.703,31656.803,31652.205,31787.07,27696.354,29831.791,27894.49,15-12-0201,"Jan 1",0.6533,,,,,,,,,,
"INSTITUTO COSTARRICENSE DE ELECTRICIDAD",2018,"Diciembre ",TEJONA,1757884.961,3019950.41,3370564.949,15331.769,15402.277,15349.586,1370.118,2191.013,-32.484,24-12-0201,"Jan 1",0.6382,,,,,,,,,,
"INSTITUTO COSTARRICENSE DE ELECTRICIDAD",2018,"Diciembre ","TORO I",983312.949,1620289.673,2111345.294,13173.465,13164.014,24008.658,6787.996,6816.357,6864.027,23-12-0201,"Jan 1",0.2495,,,,,,,,,,
"INSTITUTO COSTARRICENSE DE ELECTRICIDAD",2018,"Diciembre ","TORO II",2823517.553,3200998.61,7060664.742,64184.303,64274.23,33139.653,32733.671,22446.696,19766.138,22-12-0201,"Jan 1",0.2665,,,,,,,,,,
"INSTITUTO COSTARRICENSE DE ELECTRICIDAD",2018,"Diciembre ","MOÍN GAS III",0,0,72517.313,-123.525,-122.113,31835.364,-192.695,-192.94,-194.354,13-12-0201,"Jan 1",0.0014,32077,0,32077,0,0,30912.59,0,0,0,0
"INSTITUTO COSTARRICENSE DE ELECTRICIDAD",2018,"Diciembre ",OROTINA,1.764,0,0,7.023,0,0,0,0,0,19-12-0201,"Jan 1",0.0000,50,0,0,0,0,0,0,0,0,0
"INSTITUTO COSTARRICENSE DE ELECTRICIDAD",2018,"Diciembre ","LAS PAILAS",2955835.956,5437475.186,5897634.127,34509.203,34524.602,34509.57,34232.883,32120.771,34240.863,19-12-0201,"Jan 1",0.5488,,,,,,,,,,
"INSTITUTO COSTARRICENSE DE ELECTRICIDAD",2018,"Diciembre ","PEÑAS BLANCAS",1194538.141,2630978.326,4030907.42,35102.426,35069.848,35164.906,-75.452,-72.998,14302.31,06-12-0201,"Jan 1",0.2917,,,,,,,,,,
"INSTITUTO COSTARRICENSE DE ELECTRICIDAD",2018,"Diciembre ",PIRRÍS,4922990.154,9403663.422,11317938.335,138564.766,138665.094,138788.109,135523.508,138564.914,138045.203,20-12-0201,"Jan 1",0.2462,,,,,,,,,,
"INSTITUTO COSTARRICENSE DE ELECTRICIDAD",2018,"Diciembre ",REVENTAZON,11462164.234,23237506.219,31693547.027,249648.243,282729.74,282948.543,150520.954,235644.109,204149.464,04-12-0201,"Jan 1",0.2914,,,,,,,,,,
"INSTITUTO COSTARRICENSE DE ELECTRICIDAD",2018,"Diciembre ","MIRAVALLES I",4382673.08,8024792.75,8625325.712,45736.527,45710.938,48553.539,43838.738,44453.078,43535.449,25-12-0201,"Jan 1",0.6671,,,,,,,,,,
"INSTITUTO COSTARRICENSE DE ELECTRICIDAD",2018,"Diciembre ","MIRAVALLES II",5519181.763,9921513.046,10689317.916,49216.105,49712.297,48126.914,44337.648,43675.418,43944.004,09-12-0201,"Jan 1",0.8299,,,,,,,,,,
"INSTITUTO COSTARRICENSE DE ELECTRICIDAD",2018,"Diciembre ","MIRAVALLES III",3734794.83,6877661.778,7392772.352,26623.916,26888.389,29336.324,25505.666,25613.484,25177.674,05-12-0201,"Jan 1",0.8957,,,,,,,,,,
"INSTITUTO COSTARRICENSE DE ELECTRICIDAD",2018,"Diciembre ","SOLAR MIRAVALLES",137015.12,,,,,,,,,27-10-2025,,0.1842,,,,,,,,,,
"INSTITUTO COSTARRICENSE DE ELECTRICIDAD",2018,"Diciembre ","MIRAVALLES V",335300.252,629266.737,642547.306,6627.524,6600.748,6596.473,5986.479,-57.879,6124.166,27-12-0201,"Jan 1",0.3600,,,,,,,,,,
"INSTITUTO COSTARRICENSE DE ELECTRICIDAD",2018,"Diciembre ","MOÍN GAS II",0,0,170656.739,-99.899,-99.088,29602.606,-134.098,-133.272,-131.666,14-12-0201,"Jan 1",0.0018,71556,0,69249,0,0,64972475.41,0,0,0,0
"INSTITUTO COSTARRICENSE DE ELECTRICIDAD",2018,"Diciembre ",CARIBLANCO,2406052.842,3680897.465,9075082.914,41839.775,41741.654,41747.177,-130.15,26768.946,29835.042,23-12-0201,"Jan 1",0.2485,,,,,,,,,,
"INSTITUTO COSTARRICENSE DE ELECTRICIDAD",2018,"Diciembre ","MIGUEL DENGO",20125211.932,35335020.341,42158117.695,178967.938,178914.922,179219.375,176242.926,176340.137,175847.27,12-12-0201,"Jan 1",0.7540,,,,,,,,,,
"INSTITUTO COSTARRICENSE DE ELECTRICIDAD",2018,"Diciembre ",ECHANDI,3019025,,,,,,,,,27-10-2025,,0.9437,,,,,,,,,,
"INSTITUTO COSTARRICENSE DE ELECTRICIDAD",2018,"Diciembre ",GARABITO,0,0,98118.233,-394.091,-435.779,15535.328,-700.73,-663.678,-628.759,03-12-0201,"Jan 1",0.0007,34309,0,31901,0,3404,21426175.41,0,0,0,4213916.01
"INSTITUTO COSTARRICENSE DE ELECTRICIDAD",2018,"Diciembre ","LA GARITA ",2868325.55,5574272.79,7656724.522,39038.867,38985.801,39028.262,28079.115,34382.32,19501.604,20-12-0201,"Jan 1",0.5410,,,,,,,,,,
"INSTITUTO COSTARRICENSE DE ELECTRICIDAD",2018,"Diciembre ",GUÁPILES,0,0,0,0,0,0,0,-0.276,0,01-12-0201,"Jan 1",0.0000,,,,,,0.01,,,,
"INSTITUTO COSTARRICENSE DE ELECTRICIDAD",2018,"Diciembre ","TORO III",2100978.041,2381159.547,5231737.702,45189.318,45200.594,25265.996,23521.74,16832.742,14489.673,22-12-0201,"Jan 1",0.2748,,,,,,,,,,
"INSTITUTO COSTARRICENSE DE ELECTRICIDAD",2018,"Diciembre ","VENTANAS GARITA",3892873.162,7876948.077,12695453.206,99348.227,99469.746,84444.203,48112.019,49328.224,48975.516,20-12-0201,"Jan 1",0.3288,,,,,,,,,,
"COMPAÑIA NACIONAL DE FUERZA Y LUZ S.A.",2018,"Diciembre ","DANIEL GUTIÉRREZ",1994390.1,1049579.71,1190978.66,18865.72,10884.72,8383.12,16599.412,9648.396,8383.123,14-12-0201,"Jan 1",0.2829,,,,,,,,,,
"COMPAÑIA NACIONAL DE FUERZA Y LUZ S.A.",2018,"Diciembre ","EL ENCANTO",579315.91,832811.63,891664.95,5903.99,5023.77,4303.86,3749.564,1361.962,2911.141,14-12-0201,"Jan 1",0.3409,,,,,,,,,,
"COMPAÑIA NACIONAL DE FUERZA Y LUZ S.A.",2018,"Diciembre ",ELECTRIONA,568554,375488,414300,5939.8,5990.79,4698.84,3964.791,1544.774,1488.096,14-12-0201,"Jan 1",0.3134,,,,,,,,,,
"COMPAÑIA NACIONAL DE FUERZA Y LUZ S.A.",2018,"Diciembre ","RÍO SEGUNDO",125692,114699,121113,1013.41,1013.35,1011.46,590.868,988.846,983.118,14-12-0201,"Jan 1",0.3887,,,,,,,,,,
"COMPAÑIA NACIONAL DE FUERZA Y LUZ S.A.",2018,"Diciembre ","P.E VALLE CENTRAL",1015736.98,1681079.25,2237452.12,14881.46,14996.26,15207.87,456.621,1757.338,703.688,14-12-0201,"Jan 1",0.5886,,,,,,,,,,
"COMPAÑIA NACIONAL DE FUERZA Y LUZ S.A.",2018,"Diciembre ",VENTANAS,80826,461689,103914,7473.47,7622.128,7511.737,0,6800.543,0,14-12-0201,"Jan 1",0.0771,,,,,,,,,,
"COMPAÑIA NACIONAL DE FUERZA Y LUZ S.A.",2018,"Diciembre ","BALSA INFERIOR",3388577.68,1235515.28,348203.03,25429.33,24746.88,24559.95,24330.549,17242.141,24468.371,14-12-0201,"Jan 1",0.1782,,,,,,,,,,
"COMPAÑIA NACIONAL DE FUERZA Y LUZ S.A.",2018,"Diciembre ",BELÉN,1253027.45,1792824.71,1997651.77,9101.38,9080.25,8918.9,7755.582,8200.352,8121.668,14-12-0201,"Jan 1",0.6454,,,,,,,,,,
"COMPAÑIA NACIONAL DE FUERZA Y LUZ S.A.",2018,"Diciembre ",BRASIL,2879337,1835452,719039,24025.95,22795.99,22800.24,23433.934,22560.457,13189.912,14-12-0201,"Jan 1",0.3043,,,,,,,,,,
"COMPAÑIA NACIONAL DE FUERZA Y LUZ S.A.",2018,"Diciembre ",COTE,587259.11,294046.74,22918.69,6912.65,6902.06,6788.29,6895.87,6878.125,5309.847,14-12-0201,"Jan 1",0.1791,,,,,,,,,,
"EMPRESA DE SERVICIOS PUBLICOS DE HEREDIA S.A.",2018,"Diciembre ",TACARES,852883.63,950946.764,1168266.448,6072.545,4624.751,6155.408,5723.61,2947.75,4104.16,14-12-0201,"Jan 1",0.5874,,,,,,,,,,
"EMPRESA DE SERVICIOS PUBLICOS DE HEREDIA S.A.",2018,"Diciembre ","LOS NEGROS II",3018096.725,4549287.355,3305751.811,21602.539,21827.123,21412.904,21347.05,17377.84,21349.88,14-12-0201,"Jan 1",0.5256,,,,,,,,,,
"EMPRESA DE SERVICIOS PUBLICOS DE HEREDIA S.A.",2018,"Diciembre ","Jorge Manuel Dengo",0,0,0,0,0,0,0,0,0,27-10-2025,,0.0000,,,,,,,,,,
"EMPRESA DE SERVICIOS PUBLICOS DE HEREDIA S.A.",2018,"Diciembre ","LOS NEGROS",1796802,2971006.5,1549023,16632,16716,16716,12558,11592,11634,14-12-0201,"Jan 1",0.4716,,,,,,,,,,
"JUNTA ADMINISTRATIVA DEL SERVICIO ELECTRICO MUNICIPAL DE CARTAGO",2018,"Diciembre ",TUIS,292636,109860.999,84028,1920,1920,1920,1920,1920,287,10-12-0201,"Jan 1",0.3406,,,,,,,,,,
"JUNTA ADMINISTRATIVA DEL SERVICIO ELECTRICO MUNICIPAL DE CARTAGO",2018,"Diciembre ","BARRO MORADO",71069,125105,141372,450,450,450,450,450,450,10-12-0201,"Jan 1",0.3361,,,,,,,,,,
"JUNTA ADMINISTRATIVA DEL SERVICIO ELECTRICO MUNICIPAL DE CARTAGO",2018,"Diciembre ","TORO III (JASEC)",1126408.713,2271440.717,1417922.938,12661.19,12655.25,22600.298,7407.3,7601.4,8592,10-12-0201,"Jan 1",0.2697,,,,,,,,,,
"JUNTA ADMINISTRATIVA DEL SERVICIO ELECTRICO MUNICIPAL DE CARTAGO",2018,"Diciembre ","BIRRIS I",2743792,2679103,234643,18600,18600,16612.879,18600,18600,4960,10-12-0201,"Jan 1",0.4597,,,,,,,,,,
"JUNTA ADMINISTRATIVA DEL SERVICIO ELECTRICO MUNICIPAL DE CARTAGO",2018,"Diciembre ","BIRRIS III",689247,1126610,899034,4500,4500,4480,4456,4464,3571,10-12-0201,"Jan 1",0.8109,,,,,,,,,,
"COOPERATIVA DE ELECTRIFICACION RURAL DE SAN CARLOS R.L.",2018,"Diciembre ",CHOCOSUELAS,3341853.492,2511169.651,356212.058,25819.507,25642.086,18325.875,24717.488,13005.061,4057.341,20-12-0201,"Jan 1",0.3180,,,,,,,,,,
"COOPERATIVA DE ELECTRIFICACION RURAL DE SAN CARLOS R.L.",2018,"Diciembre ","LA ESPERANZA",799772.017,519405.491,498874.712,5225.42,5227.91,5212,5189.527,1484.382,2024.555,20-12-0201,"Jan 1",0.4880,,,,,,,,,,
"COOPERATIVA DE ELECTRIFICACION RURAL DE SAN CARLOS R.L.",2018,"Diciembre ","AGUAS ZARCAS",1750217.739,989671.918,1110833.226,14676.701,14694.271,14576.234,11449.705,2971.095,3879.929,20-12-0201,"Jan 1",0.3680,,,,,,,,,,
"COOPERATIVA DE ELECTRIFICACION RURAL LOS SANTOS R.L.",2018,"Diciembre ","LOS SANTOS",1083575.477,1865070.309,2237292.701,12299.783,12163.991,12332.564,468,586.2,8.28,19-12-0201,"Mar  ",0.5467,,,,,,,,,,
"COOPERATIVA DE ELECTRIFICACION RURAL DE GUANACASTE R.L.",2018,"Diciembre ",CANALETE,2375005.38,3140044.267,399879.374,15520.223,15542.481,0,16032.642,15547.915,15525.512,20-12-0201,"Jan 2",0.5100,,,,,,,,,,
"COOPERATIVA DE ELECTRIFICACION RURAL DE GUANACASTE R.L.",2018,"Diciembre ",BIJAGUA,2451105.562,3265073.72,1310832.834,16832.427,12543.877,450.767,16949.999,16915.47,16871.132,20-12-0201,"Jan 2",0.5620,,,,,,,,,,
"COOPERATIVA DE ELECTRIFICACION RURAL DE GUANACASTE R.L.",2018,"Diciembre ",JUANILAMA,293377.677,552468.24,97.129,0,552.907,0,4256.638,4254.62,52.517,20-12-0201,"Jan 2",0.2260,,,,,,,,,,
"COOPERATIVA DE ELECTRIFICACION RURAL DE GUANACASTE R.L.",2018,"Diciembre ","RIO NARANJO",875920.696,1546947.06,1916880.522,1098.594,0,0,8303.827,8498.551,8669.282,20-12-0201,"Jan 2",0.6481,,,,,,,,,,
"Consorcio Cooperativo Cubujuqui R L ",2018,"Diciembre ",CUBUJUQUÍ,2886956.202,1765229.649,457306.735,21833.886,21845.322,21852.228,21043.65,10796.153,3816.197,20-12-0201,"Jan 1",0.3120,,,,,,,,,,
"Consorcio Cooperativo Cubujuqui R L ",2018,"Noviembre ",CUBUJUQUÍ,3084778.704,3826718.534,2777839.735,21842.494,21838.525,21847.871,21398.808,10794.361,,01-11-0201,"Jan  ",0.5910,,,,,,,,,,
"EMPRESA DE SERVICIOS PUBLICOS DE HEREDIA S.A.",2018,"Noviembre ","Jorge Manuel Dengo",0,0,0,0,0,0,0,0,0,27-10-2025,,0.0000,,,,,,,,,,
"EMPRESA DE SERVICIOS PUBLICOS DE HEREDIA S.A.",2018,"Noviembre ","LOS NEGROS",2230672.5,3954993,3750537,17010,17052,17010,12558,17010,7938,08-11-0201,"Dec 1",0.7666,,,,,,,,,,
"COOPERATIVA DE ELECTRIFICACION RURAL LOS SANTOS R.L.",2018,"Noviembre ","LOS SANTOS",703189.18,1272793.22,1508906.23,11890.793,12044.21,12145.115,236.62,673.35,1483.89,20-11-0201,"Dec 2",0.3794,,,,,,,,,,
"COOPERATIVA DE ELECTRIFICACION RURAL LOS SANTOS R.L.",2018,"Noviembre ","LOS SANTOS",749895.637,1364230.203,1832808.255,12070.611,12068.265,12263.921,802.711,0,55.758,14-11-0201,"Dec 1",0.4292,,,,,,,,,,
"COOPERATIVA DE ELECTRIFICACION RURAL DE GUANACASTE R.L.",2018,"Noviembre ",CANALETE,2322452.332,3774445.974,2062851.631,15507.144,15415.713,0,15557.149,15563.738,15547.574,01-11-0201,"Jan  ",0.7270,,,,,,,,,,
"COOPERATIVA DE ELECTRIFICACION RURAL DE GUANACASTE R.L.",2018,"Noviembre ",BIJAGUA,2443981.159,3846934.01,2918173.291,16834.673,11542.971,5860.148,16967.036,16994.56,17014.032,01-11-0201,"Jan  ",0.7610,,,,,,,,,,
"COOPERATIVA DE ELECTRIFICACION RURAL DE GUANACASTE R.L.",2018,"Noviembre ",JUANILAMA,252442.631,461306.48,432.023,4259.407,2974.502,0,4274.082,4204.34,131.135,01-11-0201,"Jan  ",0.1980,,,,,,,,,,
"COOPERATIVA DE ELECTRIFICACION RURAL DE GUANACASTE R.L.",2018,"Noviembre ","RIO NARANJO",725901.44,1301088.37,1645476.414,8606.43,0,0,8248.732,8290.372,8564.235,01-11-0201,"Jan  ",0.5667,,,,,,,,,,
"COOPERATIVA DE ELECTRIFICACION RURAL DE SAN CARLOS R.L.",2018,"Noviembre ",CHOCOSUELAS,3244784.766,3465216.357,514848.182,25778.147,25687.217,20226.38,19661.124,13309.761,2589.927,01-11-0201,"Jan  ",0.3700,,,,,,,,,,
"COOPERATIVA DE ELECTRIFICACION RURAL DE SAN CARLOS R.L.",2018,"Noviembre ","LA ESPERANZA",771704.777,1018180.384,1080484.006,5251.95,5249.588,5250.335,5157.542,3059.882,2577.432,01-11-0201,"Jan  ",0.7710,,,,,,,,,,
"COOPERATIVA DE ELECTRIFICACION RURAL DE SAN CARLOS R.L.",2018,"Noviembre ","AGUAS ZARCAS",1425052.22,1635245.178,1814075.579,14762.398,14755.716,14737.677,11506.07,3555.849,5521.335,01-11-0201,"Jan  ",0.4660,,,,,,,,,,
"JUNTA ADMINISTRATIVA DEL SERVICIO ELECTRICO MUNICIPAL DE CARTAGO",2018,"Noviembre ","BIRRIS III",671042,1172694,1172269,4500,4500,4500,4480,4482,4477,21-11-0201,"Dec 1",0.9309,,,,,,,,,,
"JUNTA ADMINISTRATIVA DEL SERVICIO ELECTRICO MUNICIPAL DE CARTAGO",2018,"Noviembre ",TUIS,287565,257797,228632,1920,1920,1920,1920,1220,820,21-11-0201,"Dec 1",0.5599,,,,,,,,,,
"JUNTA ADMINISTRATIVA DEL SERVICIO ELECTRICO MUNICIPAL DE CARTAGO",2018,"Noviembre ","BARRO MORADO",68400,122022,138688,450,450,450,450,450,450,21-11-0201,"Dec 1",0.3386,,,,,,,,,,
"JUNTA ADMINISTRATIVA DEL SERVICIO ELECTRICO MUNICIPAL DE CARTAGO",2018,"Noviembre ","TORO III (JASEC)",1642599.728,2896698.761,1834264.498,18660.37,22400.63,15122.58,11948.9,12951.6,7331.5,21-11-0201,"Dec 1",0.3688,,,,,,,,,,
"JUNTA ADMINISTRATIVA DEL SERVICIO ELECTRICO MUNICIPAL DE CARTAGO",2018,"Noviembre ","BIRRIS I",1950855,2839921,2159147,18600,16974.4,16393.2,9363.9,8787,6365.2,21-11-0201,"Dec 1",0.5835,,,,,,,,,,
"EMPRESA DE SERVICIOS PUBLICOS DE HEREDIA S.A.",2018,"Noviembre ",TACARES,818625.294,966728.403,1178790.228,6181.88,4818.72,5707.97,6119.75,2691.79,4057.28,08-11-0201,"Dec 1",0.6054,,,,,,,,,,
"EMPRESA DE SERVICIOS PUBLICOS DE HEREDIA S.A.",2018,"Noviembre ","LOS NEGROS II",3184203.726,5690598.752,5895116.382,21390.97,21394.72,21393.26,21340.69,21362.28,21171.79,08-11-0201,"Dec 1",0.7379,,,,,,,,,,
"COMPAÑIA NACIONAL DE FUERZA Y LUZ S.A.",2018,"Noviembre ","BALSA INFERIOR",3441259.07,2797137.91,1931415.38,29310.46,24897.41,24778.35,24688.426,24753.295,24697.068,08-11-0201,"Dec 1",0.3022,,,,,,,,,,
"COMPAÑIA NACIONAL DE FUERZA Y LUZ S.A.",2018,"Noviembre ",BELÉN,1354851,2302937.71,2534249.67,10501.04,9842.98,10467.05,9299.843,9378.079,7487.606,08-11-0201,"Dec 1",0.8188,,,,,,,,,,
"COMPAÑIA NACIONAL DE FUERZA Y LUZ S.A.",2018,"Noviembre ",BRASIL,2951822,2373960,2410421,25404.59,24950.55,24433.24,24133.98,23520.232,22235.811,08-11-0201,"Dec 1",0.4477,,,,,,,,,,
"COMPAÑIA NACIONAL DE FUERZA Y LUZ S.A.",2018,"Noviembre ",COTE,777549.07,766378.29,271976.73,7085.92,7053.13,6907.11,6921,6921.779,5563.082,08-11-0201,"Dec 1",0.3717,,,,,,,,,,
"COMPAÑIA NACIONAL DE FUERZA Y LUZ S.A.",2018,"Noviembre ","DANIEL GUTIÉRREZ",2407468.2,2015174.7,2231963.84,24732.02,19346.16,13786.7,18911.066,11838.792,7661.456,08-11-0201,"Dec 1",0.4593,,,,,,,,,,
"COMPAÑIA NACIONAL DE FUERZA Y LUZ S.A.",2018,"Noviembre ","EL ENCANTO",944239.81,1491315.14,1719980.99,8222.48,8237.3,8288.69,6666.142,6441.144,5493.431,08-11-0201,"Dec 1",0.6354,,,,,,,,,,
"COMPAÑIA NACIONAL DE FUERZA Y LUZ S.A.",2018,"Noviembre ",ELECTRIONA,698541,706220,811201,6296.88,5968.48,5983.94,4433.465,3574.548,2840.342,08-11-0201,"Dec 1",0.5284,,,,,,,,,,
"COMPAÑIA NACIONAL DE FUERZA Y LUZ S.A.",2018,"Noviembre ","RÍO SEGUNDO",135692,173650,188096,1049.45,1002.44,1002.07,989.965,982.081,990.176,08-11-0201,"Dec 1",0.5527,,,,,,,,,,
"COMPAÑIA NACIONAL DE FUERZA Y LUZ S.A.",2018,"Noviembre ","P.E VALLE CENTRAL",404274.47,728888.706,1038070.146,13095.52,14772.22,12806.95,576.989,974.242,226.979,08-11-0201,"Dec 1",0.2660,,,,,,,,,,
"COMPAÑIA NACIONAL DE FUERZA Y LUZ S.A.",2018,"Noviembre ",VENTANAS,188685,488926,530532,6850.65,6526.1,6815.97,1310.638,5836.19,6151.51,08-11-0201,"Dec 1",0.1489,,,,,,,,,,
"INSTITUTO COSTARRICENSE DE ELECTRICIDAD",2018,"Noviembre ","VENTANAS GARITA",5018674.813,9897408.342,13207721.729,95610.84,93975.449,89601.898,49290.216,49285.364,79016.508,05-11-0201,"Dec 1",0.3906,,,,,,,,,,
"INSTITUTO COSTARRICENSE DE ELECTRICIDAD",2018,"Noviembre ","SAN ANTONIO GAS",0,0,0,0,0,0,0,0,0,01-11-0201,"Dec 1",0.0000,294,0,0,0,0,165582.3,0,0,0,0
"INSTITUTO COSTARRICENSE DE ELECTRICIDAD",2018,"Noviembre ",SANDILLAL,1480795.486,2834328.956,3274043.475,16202.268,30338.385,29985.906,9961.686,15827.711,15855.429,10-11-0201,"Dec 1",0.3403,,,,,,,,,,
"INSTITUTO COSTARRICENSE DE ELECTRICIDAD",2018,"Noviembre ",TEJONA,1515385.845,2620313.792,2555497.486,16007.037,16078.103,15940.798,4610.831,-87.218,969.274,23-11-0201,"Dec 1",0.5416,,,,,,,,,,
"INSTITUTO COSTARRICENSE DE ELECTRICIDAD",2018,"Noviembre ","TORO I",1333866.627,2335504.105,2833644.59,13354.253,13350.064,25775.971,6986.212,6920.223,8936.898,20-11-0201,"Dec 1",0.3556,,,,,,,,,,
"INSTITUTO COSTARRICENSE DE ELECTRICIDAD",2018,"Noviembre ","TORO II",3504093.105,4565527.407,9030343.071,33466.232,51041.463,65097.488,19572.562,32547.99,31099.079,22-11-0201,"Dec 1",0.3598,,,,,,,,,,
"INSTITUTO COSTARRICENSE DE ELECTRICIDAD",2018,"Noviembre ","TORO III",2641645.399,3394954.198,6698673.908,25249.451,34403.805,44801.271,14875.443,23832.826,23077.73,22-11-0201,"Dec 1",0.3722,,,,,,,,,,
"INSTITUTO COSTARRICENSE DE ELECTRICIDAD",2018,"Noviembre ",OROTINA,0,0,1.262,0,0,5.043,0,0,0,29-11-0201,"Dec 1",0.0000,74,0,0,0,0,45766.95,0,0,0,0
"INSTITUTO COSTARRICENSE DE ELECTRICIDAD",2018,"Noviembre ","LAS PAILAS",3766474.917,6768808.776,7481835.989,30396.531,30369.76,30604.07,30095.887,30013.447,30244.189,08-11-0201,"Dec 1",0.7150,,,,,,,,,,
"INSTITUTO COSTARRICENSE DE ELECTRICIDAD",2018,"Noviembre ","PEÑAS BLANCAS",2721879.296,5023147.566,7053483.329,35686.488,35663.32,35689.07,11770.052,34868.918,16082.006,20-11-0201,"Dec 1",0.5678,,,,,,,,,,
"INSTITUTO COSTARRICENSE DE ELECTRICIDAD",2018,"Noviembre ",PIRRÍS,6477880.342,13079648.1,20177559.842,118514.262,118744.148,119349.789,108504.492,103712.051,93222.098,02-11-0201,"Dec 1",0.3942,,,,,,,,,,
"INSTITUTO COSTARRICENSE DE ELECTRICIDAD",2018,"Noviembre ",REVENTAZON,11630737.94,23433231.489,35136601.289,202838.037,239883.737,275637.755,84919.049,198783.013,184348.36,29-11-0201,"Dec 1",0.3184,,,,,,,,,,
"INSTITUTO COSTARRICENSE DE ELECTRICIDAD",2018,"Noviembre ","RÍO MACHO",10965446.71,19123977.131,23606682.478,138397.176,139172.844,138780.586,95829.356,106197.553,133386.809,06-11-0201,"Dec 1",0.5327,,,,,,,,,,
"INSTITUTO COSTARRICENSE DE ELECTRICIDAD",2018,"Noviembre ","MIRAVALLES II",4445240.368,7990411.673,8818181.447,44730.086,44762.066,44435.914,42131.32,39598.582,32387.898,22-11-0201,"Dec 1",0.6975,,,,,,,,,,
"INSTITUTO COSTARRICENSE DE ELECTRICIDAD",2018,"Noviembre ","MIRAVALLES III",261047.115,470108.504,519452.504,26257.098,26272.49,27837.598,0,0,0,30-11-0201,"Dec 1",0.0643,,,,,,,,,,
"INSTITUTO COSTARRICENSE DE ELECTRICIDAD",2018,"Noviembre ","SOLAR MIRAVALLES",84957.88,,,,,,,,,27-10-2025,,0.1180,,,,,,,,,,
"INSTITUTO COSTARRICENSE DE ELECTRICIDAD",2018,"Noviembre ","MIRAVALLES V",442375.84,796732.013,877637.63,6642.533,6671.318,6672.471,-62.954,-54.011,-50.523,14-11-0201,"Dec 1",0.4900,,,,,,,,,,
"INSTITUTO COSTARRICENSE DE ELECTRICIDAD",2018,"Noviembre ","MOÍN GAS II",0,0,15489.673,-99.464,-100.52,28996.006,-114.145,-117.673,-114.757,13-11-0201,"Dec 1",0.0002,8636,0,0,0,0,13921273.2,0,0,0,0
"INSTITUTO COSTARRICENSE DE ELECTRICIDAD",2018,"Noviembre ","MOÍN GAS III",0,187.652,11493.114,-137.244,286.866,17474.959,-217.87,-215.911,-218.535,15-11-0201,"Dec 1",0.0002,13572,0,0,0,0,0,0,0,0,0
"INSTITUTO COSTARRICENSE DE ELECTRICIDAD",2018,"Noviembre ","MIGUEL DENGO",10273130.948,19096135.934,27718917.478,160164.305,174703.297,171355.77,117036.125,90441.672,118024.707,30-11-0201,"Dec 1",0.4557,,,,,,,,,,
"INSTITUTO COSTARRICENSE DE ELECTRICIDAD",2018,"Noviembre ",ECHANDI,2949105,,,,,,,,,27-10-2025,,0.9526,,,,,,,,,,
"INSTITUTO COSTARRICENSE DE ELECTRICIDAD",2018,"Noviembre ",GARABITO,0,0,0,-354.482,-405.428,-352.583,-364.27,-431.342,-398.708,05-11-0201,"Dec 1",0.0000,0,0,0,0,0,0,0,0,0,0
"INSTITUTO COSTARRICENSE DE ELECTRICIDAD",2018,"Noviembre ","LA GARITA ",3026587.611,5414870.996,7591633.228,39073.734,38897.676,39055.078,26460.254,31119.617,25750.535,23-11-0201,"Dec 1",0.5567,,,,,,,,,,
"INSTITUTO COSTARRICENSE DE ELECTRICIDAD",2018,"Noviembre ",GUÁPILES,0,0,10899.792,0,0,6650.03,0,-49.002,0,21-11-0201,"Dec 1",0.0011,2905,0,0,0,0,1718982.05,0,0,0,0
"INSTITUTO COSTARRICENSE DE ELECTRICIDAD",2018,"Noviembre ","MIRAVALLES I",4461276.254,8056069.14,8934957.98,47001.027,46997.738,47247.445,41914.543,42702.551,46650.547,03-11-0201,"Dec 1",0.7030,,,,,,,,,,
"INSTITUTO COSTARRICENSE DE ELECTRICIDAD",2018,"Noviembre ",ANGOSTURA,8980295.235,16283116.01,25750870.114,120124.164,120147.34,120161.352,110928.055,118638.285,118534.734,09-11-0201,"Dec 1",0.3936,,,,,,,,,,
"INSTITUTO COSTARRICENSE DE ELECTRICIDAD",2018,"Noviembre ",ARENAL,8827249.744,16475276.379,24462463.795,143053.973,160286.742,155096.609,103914.926,89509.816,104595.238,30-11-0201,"Dec 1",0.4164,,,,,,,,,,
"INSTITUTO COSTARRICENSE DE ELECTRICIDAD",2018,"Noviembre ",BARRANCA,0.003,0,0,-65.204,-66.603,-65.771,-68.352,-68.748,-67.222,16-11-0201,"Dec 1",0.0000,0,0,0,0,0,0,0,0,0,0
"INSTITUTO COSTARRICENSE DE ELECTRICIDAD",2018,"Noviembre ","BOCA DE POZO",483669.712,871282.596,957469.063,4948.674,4955.299,5173.224,4869.886,0,0,09-11-0201,"Dec 1",0.6423,,,,,,,,,,
"INSTITUTO COSTARRICENSE DE ELECTRICIDAD",2018,"Noviembre ",CACHÍ,6322580.419,12951168.292,19023457.151,114844.471,142451.584,147369.004,101187.074,113772.375,104057.475,02-11-0201,"Dec 1",0.3345,,,,,,,,,,
"INSTITUTO COSTARRICENSE DE ELECTRICIDAD",2018,"Noviembre ",CARIBLANCO,3512196.081,5139222.493,10242458.699,70963.326,76621.488,78501.555,27746.141,41264.709,31981.248,21-11-0201,"Dec 1",0.3200,,,,,,,,,,
"INSTITUTO COSTARRICENSE DE ELECTRICIDAD",2018,"Octubre   ",REVENTAZON,18619570.602,35525985.887,46898858.563,243513.223,277843.373,282770.054,210741.858,264762.974,271230.177,11-10-0201,"Nov 1",0.4435,,,,,,,,,,
"INSTITUTO COSTARRICENSE DE ELECTRICIDAD",2018,"Octubre   ","RÍO MACHO",15058639.568,27219961.318,33891997.365,139264.945,139334.473,139321.523,137191.539,89079.748,76251.544,22-10-0201,"Nov 1",0.7313,,,,,,,,,,
"INSTITUTO COSTARRICENSE DE ELECTRICIDAD",2018,"Octubre   ","SAN ANTONIO GAS",0,0,1.978,0,0,3.709,0,0,0,10-10-0201,"Nov 1",0.0000,735,0,0,0,0,414060.22,0,0,0,0
"INSTITUTO COSTARRICENSE DE ELECTRICIDAD",2018,"Octubre   ",SANDILLAL,2062638.381,3890301.941,4834348.123,32001.586,32077.674,29953.543,20111.564,14832.548,29830.223,22-10-0201,"Nov 1",0.4681,,,,,,,,,,
"INSTITUTO COSTARRICENSE DE ELECTRICIDAD",2018,"Octubre   ",TEJONA,667177.37,1068142.632,1275865.451,15813.654,15892.154,15939.465,-100.107,-100.366,248.774,29-10-0201,"Nov 1",0.2359,,,,,,,,,,
"INSTITUTO COSTARRICENSE DE ELECTRICIDAD",2018,"Octubre   ","TORO I",1950494.89,3716682.463,4113601.404,26072.543,26098.787,26095.887,12871.491,12435.817,13215.159,05-10-0201,"Nov 1",0.5176,,,,,,,,,,
"INSTITUTO COSTARRICENSE DE ELECTRICIDAD",2018,"Octubre   ","MOÍN GAS II",0,0,53694.572,-101.58,-101.999,29966.945,-137.692,-127.824,-107.969,05-10-0201,"Nov 1",0.0006,22207,0,0,0,0,19724388.77,0,0,0,0
"INSTITUTO COSTARRICENSE DE ELECTRICIDAD",2018,"Octubre   ","MOÍN GAS III",13.265,0,0,-129.101,-136.026,-131.668,-535.953,-211.297,-218.403,26-10-0201,"Nov 1",0.0000,9253,0,0,0,0,39620.87,0,0,0,0
"INSTITUTO COSTARRICENSE DE ELECTRICIDAD",2018,"Octubre   ",OROTINA,0,0,0.325,0,0,1.301,0,0,0,30-10-0201,"Nov 1",0.0000,64,0,0,0,0,0,0.03,0,0,0
"INSTITUTO COSTARRICENSE DE ELECTRICIDAD",2018,"Octubre   ","LAS PAILAS",2677077.67,4830163.73,5377649.428,17741.107,18090.688,17951.287,17477.648,17603.221,17531.955,11-10-0201,"Nov 1",0.4948,,,,,,,,,,
"INSTITUTO COSTARRICENSE DE ELECTRICIDAD",2018,"Octubre   ","PEÑAS BLANCAS",2982246.192,5606909.434,8010231.527,35909.055,36048.852,36147.176,18332.924,11780.441,18768.426,06-10-0201,"Nov 1",0.6163,,,,,,,,,,
"INSTITUTO COSTARRICENSE DE ELECTRICIDAD",2018,"Octubre   ",PIRRÍS,7203376.158,13022615.198,20488767.281,98996.488,101766.469,119519.012,98808.727,98814.176,99811.129,31-10-0201,"Nov 1",0.3909,,,,,,,,,,
"INSTITUTO COSTARRICENSE DE ELECTRICIDAD",2018,"Octubre   ",GUÁPILES,0,0,1.009,0,0,0,0,-0.19,0,01-10-0201,"Nov 1",0.0000,1,0,0,0,0,0,0,0,0,0
"INSTITUTO COSTARRICENSE DE ELECTRICIDAD",2018,"Octubre   ","MIRAVALLES I",5514540.248,9893249.453,11027730.086,41384.16,41421.898,42204.574,38412.969,1481.912,38317.348,30-10-0201,"Nov 1",0.8384,,,,,,,,,,
"INSTITUTO COSTARRICENSE DE ELECTRICIDAD",2018,"Octubre   ","MIRAVALLES II",367652.208,586432.408,639586.22,37534.621,37037.238,37084.754,-160.117,19431.164,-115.667,11-10-0201,"Nov 1",0.0506,,,,,,,,,,
"INSTITUTO COSTARRICENSE DE ELECTRICIDAD",2018,"Octubre   ","MIRAVALLES III",50768.189,85832.327,86103.358,20728.98,21013.273,22690.713,0,0,0,10-10-0201,"Nov 1",0.0111,,,,,,,,,,
"INSTITUTO COSTARRICENSE DE ELECTRICIDAD",2018,"Octubre   ","SOLAR MIRAVALLES",68791,,,,,,,,,27-10-2025,,0.0925,,,,,,,,,,
"INSTITUTO COSTARRICENSE DE ELECTRICIDAD",2018,"Octubre   ","MIRAVALLES V",0,0,0,-30.86,-36.133,-30.811,-34.377,-41.965,-36.611,18-10-0201,"Nov 1",0.0000,,,,,,,,,,
"INSTITUTO COSTARRICENSE DE ELECTRICIDAD",2018,"Octubre   ",CACHÍ,8454320.755,15107097.157,20798932.93,113784.066,147672.645,149456.539,68312.65,75018.238,114572.715,31-10-0201,"Nov 1",0.3750,,,,,,,,,,
"INSTITUTO COSTARRICENSE DE ELECTRICIDAD",2018,"Octubre   ",CARIBLANCO,4426983.757,7329936.292,12206745.436,78273.926,80394.797,72646.719,27522.665,41721.137,41388.903,09-10-0201,"Nov 1",0.3928,,,,,,,,,,
"INSTITUTO COSTARRICENSE DE ELECTRICIDAD",2018,"Octubre   ","MIGUEL DENGO",11418978.857,22165203.288,32226580.147,178418.254,178771.895,178635.074,127871.483,116346.906,172467.809,17-10-0201,"Nov 1",0.5083,,,,,,,,,,
"INSTITUTO COSTARRICENSE DE ELECTRICIDAD",2018,"Octubre   ",ECHANDI,2917090,,,,,,,,,27-10-2025,,0.9118,,,,,,,,,,
"INSTITUTO COSTARRICENSE DE ELECTRICIDAD",2018,"Octubre   ",GARABITO,0,0,0,-486.034,-542.556,-499.285,-614.728,-683.54,-613.322,31-10-0201,"Nov 1",0.0000,8226,0,0,0,0,5134520.72,-0.03,0,0,0
"INSTITUTO COSTARRICENSE DE ELECTRICIDAD",2018,"Octubre   ","LA GARITA ",2958842.266,5247813.223,7757207.04,39045.238,38914.254,38990.133,38252.762,30392.141,31334.926,17-10-0201,"Nov 1",0.5364,,,,,,,,,,
"COMPAÑIA NACIONAL DE FUERZA Y LUZ S.A.",2018,"Octubre   ","BALSA INFERIOR",3691843.45,4132688.3,3902771.47,25469,25486,24942,12640,12548,24451,01-10-0201,"Nov 1",0.4203,,,,,,,,,,
"COMPAÑIA NACIONAL DE FUERZA Y LUZ S.A.",2018,"Octubre   ",BELÉN,1354015.89,2401682.63,2669626.31,10251,9992,9715,9445,9443,8913,01-10-0201,"Nov 1",0.8223,,,,,,,,,,
"COMPAÑIA NACIONAL DE FUERZA Y LUZ S.A.",2018,"Octubre   ",BRASIL,3586557,5124365,5302883,25883,25922,25521,24480,24427,23382,01-10-0201,"Nov 1",0.7848,,,,,,,,,,
"COMPAÑIA NACIONAL DE FUERZA Y LUZ S.A.",2018,"Octubre   ",COTE,393771.29,549824.23,40813.56,6901,6909,6871,6888,6822,6109,01-10-0201,"Nov 1",0.1950,,,,,,,,,,
"COMPAÑIA NACIONAL DE FUERZA Y LUZ S.A.",2018,"Octubre   ","DANIEL GUTIÉRREZ",2872140.57,3340446.63,3904283.1,20903,20864,20886,20859,20761,8331,01-10-0201,"Nov 1",0.6758,,,,,,,,,,
"COMPAÑIA NACIONAL DE FUERZA Y LUZ S.A.",2018,"Octubre   ","EL ENCANTO",911345.06,1639825.58,1656018.24,8719,8726,8989,8477,8477,8475,01-10-0201,"Nov 1",0.6225,,,,,,,,,,
"INSTITUTO COSTARRICENSE DE ELECTRICIDAD",2018,"Octubre   ",ANGOSTURA,10325830.13,18149712.3,24177891.353,119029.137,120000.73,132977.286,0,118578.285,0,11-10-0201,"Nov 1",0.3932,,,,,,,,,,
"INSTITUTO COSTARRICENSE DE ELECTRICIDAD",2018,"Octubre   ",ARENAL,9662013.676,18808293.07,28085638.328,156600.637,156528.441,158040.816,109556.251,103450.898,147557.395,17-10-0201,"Nov 1",0.4579,,,,,,,,,,
"INSTITUTO COSTARRICENSE DE ELECTRICIDAD",2018,"Octubre   ",BARRANCA,0,0.099,0.037,-65.157,-65.915,-32.565,-67.149,-69.301,-67.991,17-10-0201,"Nov 1",0.0000,1031,0,0,0,0,602202.71,0,0,0,0
"INSTITUTO COSTARRICENSE DE ELECTRICIDAD",2018,"Octubre   ","BOCA DE POZO",0,0,0,0,0,0,0,0,0,01-10-0201,"Nov 1",0.0000,,,,,,,,,,
"INSTITUTO COSTARRICENSE DE ELECTRICIDAD",2018,"Octubre   ","TORO II",4299654.499,7320736.212,10197585.271,65518.631,65555.674,65727.137,28072.392,52467.848,33341.836,16-10-0201,"Nov 1",0.4443,,,,,,,,,,
"INSTITUTO COSTARRICENSE DE ELECTRICIDAD",2018,"Octubre   ","TORO III",3150447.782,5391194.607,7466120.57,46310.119,46212.453,45487.705,21755.394,37423.938,24251.635,12-10-0201,"Nov 1",0.4528,,,,,,,,,,
"INSTITUTO COSTARRICENSE DE ELECTRICIDAD",2018,"Octubre   ","VENTANAS GARITA",10198917.342,18024514.324,22560275.482,98664.371,99612.07,99779.73,78096.172,79043.16,88344.359,05-10-0201,"Nov 1",0.6826,,,,,,,,,,
"COMPAÑIA NACIONAL DE FUERZA Y LUZ S.A.",2018,"Octubre   ",ELECTRIONA,849223,1155251,1309219,6086,6086,6425,6006,6001,4930,01-10-0201,"Nov 1",0.7646,,,,,,,,,,
"COMPAÑIA NACIONAL DE FUERZA Y LUZ S.A.",2018,"Octubre   ","RÍO SEGUNDO",152577,210828,238345,1243,1244,1225,989,990,987,01-10-0201,"Nov 1",0.6470,,,,,,,,,,
"COMPAÑIA NACIONAL DE FUERZA Y LUZ S.A.",2018,"Octubre   ","P.E VALLE CENTRAL",231045.89,474734.85,404979.36,14064,13525,12893,981,933,31,01-10-0201,"Nov 1",0.1325,,,,,,,,,,
"COMPAÑIA NACIONAL DE FUERZA Y LUZ S.A.",2018,"Octubre   ",VENTANAS,622604,894404,972343,8853,8915,8229,6859,6868,5151,01-10-0201,"Nov 1",0.2969,,,,,,,,,,
"EMPRESA DE SERVICIOS PUBLICOS DE HEREDIA S.A.",2018,"Octubre   ","Jorge Manuel Dengo",0,0,0,0,0,0,0,0,0,27-10-2025,,0.0000,,,,,,,,,,
"EMPRESA DE SERVICIOS PUBLICOS DE HEREDIA S.A.",2018,"Octubre   ","LOS NEGROS",2160679.5,3527023.5,2812435.5,17136,17136,17178,17010,16296,16884,01-10-0201,"Nov 1",0.6347,,,,,,,,,,
"EMPRESA DE SERVICIOS PUBLICOS DE HEREDIA S.A.",2018,"Octubre   ",TACARES,881199.153,1063599.486,1309469.844,6153.15,4757.315,6033.93,6046.92,3524.94,3281.41,01-10-0201,"Nov 1",0.6432,,,,,,,,,,
"EMPRESA DE SERVICIOS PUBLICOS DE HEREDIA S.A.",2018,"Octubre   ","LOS NEGROS II",2708598.761,4795824.122,4821926.795,21361.435,21355.414,24485.66,18875.62,18875.71,18996.88,01-10-0201,"Nov 1",0.5959,,,,,,,,,,
"JUNTA ADMINISTRATIVA DEL SERVICIO ELECTRICO MUNICIPAL DE CARTAGO",2018,"Octubre   ","BIRRIS I",1924406,2430868,1755336,18600,16693,16693,18600,16000,6200,08-10-0201,"Nov 1",0.4965,,,,,,,,,,
"JUNTA ADMINISTRATIVA DEL SERVICIO ELECTRICO MUNICIPAL DE CARTAGO",2018,"Octubre   ","BIRRIS III",644511,1109414,1024635,4500,4500,4500,4419,4465,3264,08-10-0201,"Nov 1",0.8299,,,,,,,,,,
"JUNTA ADMINISTRATIVA DEL SERVICIO ELECTRICO MUNICIPAL DE CARTAGO",2018,"Octubre   ",TUIS,296739,420628,423906,1920,1920,1920,1920,1920,1069,08-10-0201,"Nov 1",0.7989,,,,,,,,,,
"JUNTA ADMINISTRATIVA DEL SERVICIO ELECTRICO MUNICIPAL DE CARTAGO",2018,"Octubre   ","BARRO MORADO",91430,164990,189678,850,850,850,850,450,850,08-10-0201,"Nov 1",0.4441,,,,,,,,,,
"JUNTA ADMINISTRATIVA DEL SERVICIO ELECTRICO MUNICIPAL DE CARTAGO",2018,"Octubre   ","TORO III (JASEC)",1942495.895,3229880.636,2763534.615,22765.78,22743.85,23129.42,22427.7,15320.7,14911,08-10-0201,"Nov 1",0.4444,,,,,,,,,,
"COOPERATIVA DE ELECTRIFICACION RURAL DE SAN CARLOS R.L.",2018,"Octubre   ",CHOCOSUELAS,3458433.028,4272350.037,1659650.96,26031.331,25948.68,24090.701,25042.958,20851.595,3309.191,11-10-0201,"Nov 1",0.4810,,,,,,,,,,
"COOPERATIVA DE ELECTRIFICACION RURAL DE SAN CARLOS R.L.",2018,"Octubre   ","LA ESPERANZA",750998.328,1152815.276,1211533.934,5246.245,5246.297,5236.866,5212.947,3942.887,3112.307,11-10-0201,"Nov 1",0.8370,,,,,,,,,,
"COOPERATIVA DE ELECTRIFICACION RURAL DE SAN CARLOS R.L.",2018,"Octubre   ","AGUAS ZARCAS",2051925.587,2200935.553,2506283.968,14745.288,14700.829,14704.212,14643.104,4580.142,4933.175,11-10-0201,"Nov 1",0.6460,,,,,,,,,,
"Consorcio Cooperativo Cubujuqui R L ",2018,"Octubre   ",CUBUJUQUÍ,3103451.329,2786559.591,1607863.799,21809.73,21453.839,21838.994,21043.923,11577.392,3134.605,11-10-0201,"Nov 1",0.4580,,,,,,,,,,
"COOPERATIVA DE ELECTRIFICACION RURAL LOS SANTOS R.L.",2018,"Setiembre ","LOS SANTOS",270081,424235,536800,10346.398,10534.257,9422.313,274.76,0,17.33,04-09-0201,"Dec 2",0.1341,,,,,,,,,,
"Consorcio Cooperativo Cubujuqui R L ",2018,"Setiembre ",CUBUJUQUÍ,3168188.387,3603047.576,2339668.95,21829.519,21699.568,21844.546,21435.675,13723.17,11565.966,06-09-0201,"Oct 1",0.5560,,,,,,,,,,
"COOPERATIVA DE ELECTRIFICACION RURAL DE GUANACASTE R.L.",2018,"Setiembre ",CANALETE,2144260.479,2992585.396,850019.975,15577.68,15584.68,15553.95,15352.81,0,0,22-08-0201,"Jun  ",0.5330,,,,,,,,,,
"COOPERATIVA DE ELECTRIFICACION RURAL DE GUANACASTE R.L.",2018,"Setiembre ",BIJAGUA,2041643.824,2820941.787,1385648.639,16890.02,16889.05,16865.07,0,0,0,22-08-0201,"Jun  ",0.6660,,,,,,,,,,
"COOPERATIVA DE ELECTRIFICACION RURAL DE GUANACASTE R.L.",2018,"Setiembre ",JUANILAMA,237020.16,405770.262,625.752,4257.21,4198.89,180.18,3996.51,1103.22,0,22-08-0201,"Jun  ",0.1780,,,,,,,,,,
"COOPERATIVA DE ELECTRIFICACION RURAL DE GUANACASTE R.L.",2018,"Setiembre ","RIO NARANJO",368332.704,677291.892,759189.717,6071.95,7097.49,5660.21,0,0,0,22-08-0201,"Jun  ",0.2900,,,,,,,,,,
"COOPERATIVA DE ELECTRIFICACION RURAL DE SAN CARLOS R.L.",2018,"Setiembre ",CHOCOSUELAS,3255850.225,3139418.709,536799.089,25787.708,25726.327,20193.498,24917.665,13821.286,7636.802,06-09-0201,"Oct 1",0.3550,,,,,,,,,,
"COOPERATIVA DE ELECTRIFICACION RURAL DE SAN CARLOS R.L.",2018,"Setiembre ","LA ESPERANZA",697190.097,839593.727,979852.942,5249.137,5296.954,5223.56,5198.555,2601.197,2640.032,06-09-0201,"Oct 1",0.6760,,,,,,,,,,
"COOPERATIVA DE ELECTRIFICACION RURAL DE SAN CARLOS R.L.",2018,"Setiembre ","AGUAS ZARCAS",1956436.663,1898138.023,2373988.427,14776.566,14746.645,14754.226,14571.697,6180.27,7916.472,06-09-0201,"Oct 1",0.5950,,,,,,,,,,
"COOPERATIVA DE ELECTRIFICACION RURAL LOS SANTOS R.L.",2018,"Setiembre ","LOS SANTOS",272703.439,558543.203,533697.201,10895.383,10935.569,10543.895,449.39,912.33,0,11-10-0201,"Nov 1",0.1439,,,,,,,,,,
"JUNTA ADMINISTRATIVA DEL SERVICIO ELECTRICO MUNICIPAL DE CARTAGO",2018,"Setiembre ","TORO III (JASEC)",1790912.055,3031045.642,2440486.311,22947,22745,22540,12510.8,12078,9669,12-09-0201,"Oct 1",0.4067,,,,,,,,,,
"JUNTA ADMINISTRATIVA DEL SERVICIO ELECTRICO MUNICIPAL DE CARTAGO",2018,"Setiembre ","BIRRIS I",2760129,2761300,615824,18600,17523.8,16477.1,18600,13403,16477,12-09-0201,"Oct 1",0.4987,,,,,,,,,,
"JUNTA ADMINISTRATIVA DEL SERVICIO ELECTRICO MUNICIPAL DE CARTAGO",2018,"Setiembre ","BIRRIS III",659657,1103623,1058206,4500,4500,4500,4461,4466,4469,12-09-0201,"Oct 1",0.8427,,,,,,,,,,
"JUNTA ADMINISTRATIVA DEL SERVICIO ELECTRICO MUNICIPAL DE CARTAGO",2018,"Setiembre ",TUIS,276966,356728,377663,1920,1920,1920,1920,1920,778,12-09-0201,"Oct 1",0.7080,,,,,,,,,,
"JUNTA ADMINISTRATIVA DEL SERVICIO ELECTRICO MUNICIPAL DE CARTAGO",2018,"Setiembre ","BARRO MORADO",127499,225875,263184,900,900,900,900,900,900,12-09-0201,"Oct 1",0.6139,,,,,,,,,,
"EMPRESA DE SERVICIOS PUBLICOS DE HEREDIA S.A.",2018,"Setiembre ","Jorge Manuel Dengo",0,0,0,0,0,0,0,0,0,27-10-2025,,0.0000,,,,,,,,,,
"EMPRESA DE SERVICIOS PUBLICOS DE HEREDIA S.A.",2018,"Setiembre ","LOS NEGROS",2143764,2768304,1770793.5,17094,17094,16968,18869,16296,16632,10-09-0201,"Oct 1",0.5156,,,,,,,,,,
"EMPRESA DE SERVICIOS PUBLICOS DE HEREDIA S.A.",2018,"Setiembre ",TACARES,815980.249,1038532.248,1240324.15,6253.415,5090.228,5705.668,6126.49,2955.55,3901.68,10-09-0201,"Oct 1",0.6321,,,,,,,,,,
"EMPRESA DE SERVICIOS PUBLICOS DE HEREDIA S.A.",2018,"Setiembre ","LOS NEGROS II",2527138.67,4008485.089,3927770.726,18930.828,18929.595,18929.671,16296,18868.99,18900.42,10-09-0201,"Oct 1",0.5227,,,,,,,,,,
"COMPAÑIA NACIONAL DE FUERZA Y LUZ S.A.",2018,"Setiembre ","BALSA INFERIOR",3502464.23,1611168.52,919272.09,25022.87,24971.84,24678.52,24535.208,11254.976,11758.076,10-09-0201,"Oct 2",0.2234,,,,,,,,,,
"COMPAÑIA NACIONAL DE FUERZA Y LUZ S.A.",2018,"Setiembre ",BELÉN,1289576.06,2237065.84,2462545.99,10036.2,9955.37,9586.63,9062.613,9085.841,8823.845,10-09-0201,"Oct 2",0.7920,,,,,,,,,,
"COMPAÑIA NACIONAL DE FUERZA Y LUZ S.A.",2018,"Setiembre ","P.E VALLE CENTRAL",137820.77,229462.55,405470.01,12842.61,11576.57,13479.65,577.61,1106.557,0,10-09-0201,"Oct 2",0.0952,,,,,,,,,,
"COMPAÑIA NACIONAL DE FUERZA Y LUZ S.A.",2018,"Setiembre ",VENTANAS,310025,527503,631574,8931.404,8896.703,8950.808,0,0,0,10-09-0201,"Oct 2",0.1811,,,,,,,,,,
"COMPAÑIA NACIONAL DE FUERZA Y LUZ S.A.",2018,"Setiembre ",BRASIL,3140727,3369380,4042937,25092.75,24207.7,24250.73,22531.049,22349.486,14082.399,10-09-0201,"Oct 2",0.6107,,,,,,,,,,
"COMPAÑIA NACIONAL DE FUERZA Y LUZ S.A.",2018,"Setiembre ",COTE,623697.6,451166.73,36758.81,7208.25,7220,7008.27,6838.352,6824.098,0,10-09-0201,"Oct 2",0.2275,,,,,,,,,,
"COMPAÑIA NACIONAL DE FUERZA Y LUZ S.A.",2018,"Setiembre ","DANIEL GUTIÉRREZ",2132217.36,1310364.39,1584221.27,20743.38,19748.41,14113.12,13789.716,6105.268,5602.08,10-09-0201,"Oct 2",0.3470,,,,,,,,,,
"COMPAÑIA NACIONAL DE FUERZA Y LUZ S.A.",2018,"Setiembre ","EL ENCANTO",1054566.81,1726703.36,1858759.09,8797.06,8639.36,8913.87,6027.841,6026.611,4353.437,10-09-0201,"Oct 2",0.7094,,,,,,,,,,
"COMPAÑIA NACIONAL DE FUERZA Y LUZ S.A.",2018,"Setiembre ",ELECTRIONA,643825,575754,789488,6020.79,6064.91,6021.83,4801.465,3614.882,2107.308,10-09-0201,"Oct 2",0.4790,,,,,,,,,,
"COMPAÑIA NACIONAL DE FUERZA Y LUZ S.A.",2018,"Setiembre ","RÍO SEGUNDO",139349,154907,176679,1012.04,1051.83,1043.24,965.547,965.627,338.413,10-09-0201,"Oct 2",0.5233,,,,,,,,,,
"INSTITUTO COSTARRICENSE DE ELECTRICIDAD",2018,"Setiembre ",ANGOSTURA,14541947.147,25438104.238,31269551.215,120297.574,120112.211,119898.039,119054.484,118788.199,119259.051,28-09-0201,"May 2",0.5498,,,,,,,,,,
"INSTITUTO COSTARRICENSE DE ELECTRICIDAD",2018,"Setiembre ",ARENAL,10273623.35,18591104.37,26814427.235,125475.621,152590.902,158871.445,105140.5,104360.684,104513.648,11-09-0201,"May 2",0.4659,,,,,,,,,,
"INSTITUTO COSTARRICENSE DE ELECTRICIDAD",2018,"Setiembre ",TEJONA,695948.192,1175036.208,1665953.838,15316.099,15818.751,15521.283,-101.547,-102.821,-10.949,21-09-0201,"May 2",0.2863,,,,,,,,,,
"INSTITUTO COSTARRICENSE DE ELECTRICIDAD",2018,"Setiembre ","TORO I",1400317.34,2743970.878,3105516.83,19903.279,26337.014,26299.768,8982.854,9164.712,12994.978,11-09-0201,"May 2",0.3964,,,,,,,,,,
"INSTITUTO COSTARRICENSE DE ELECTRICIDAD",2018,"Setiembre ","TORO II",3911072.038,6397050.259,9600196.676,65296.738,65295.561,65570.211,24832.311,39706.875,31621.643,29-09-0201,"May 2",0.4189,,,,,,,,,,
"INSTITUTO COSTARRICENSE DE ELECTRICIDAD",2018,"Setiembre ","TORO III",2829222.813,4587569.908,7026100.601,45139.375,45211.254,45489.754,17975.02,29510.637,24750.204,11-09-0201,"May 2",0.4221,,,,,,,,,,
"INSTITUTO COSTARRICENSE DE ELECTRICIDAD",2018,"Setiembre ","VENTANAS GARITA",8299528.57,15766469.683,17265657.416,99740.492,98449.477,99579.336,69557.137,65266.812,68491.027,06-09-0201,"May 2",0.5741,,,,,,,,,,
"INSTITUTO COSTARRICENSE DE ELECTRICIDAD",2018,"Setiembre ","PEÑAS BLANCAS",2729221.196,5253832.473,6561508.79,35940.312,36088.777,35923.172,28578.934,17206.812,18113.064,27-09-0201,"May 2",0.5580,,,,,,,,,,
"INSTITUTO COSTARRICENSE DE ELECTRICIDAD",2018,"Setiembre ",PIRRÍS,5527029.784,9932098.584,17300950.668,118799.641,112146.734,136783.305,118799.641,91145.621,118840.926,01-09-0201,"May 2",0.3250,,,,,,,,,,
"INSTITUTO COSTARRICENSE DE ELECTRICIDAD",2018,"Setiembre ",REVENTAZON,19245421.619,35670993.034,47670557.828,280584.005,296330.65,294496.055,220809.923,221849.518,282977.651,26-09-0201,"May 2",0.4653,,,,,,,,,,
"INSTITUTO COSTARRICENSE DE ELECTRICIDAD",2018,"Setiembre ","RÍO MACHO",13476667.411,25276794.044,28457047.445,139041.883,139148.867,139286.863,92700.447,132018.674,124248.453,25-09-0201,"May 2",0.6668,,,,,,,,,,
"INSTITUTO COSTARRICENSE DE ELECTRICIDAD",2018,"Setiembre ","SAN ANTONIO GAS",0,0,1.64,0,0,3.381,0,0,0,25-09-0201,"May 2",0.0000,0,0,0,0,0,0,0,0,0,0
"INSTITUTO COSTARRICENSE DE ELECTRICIDAD",2018,"Setiembre ",SANDILLAL,1871691.491,3628179.026,4702395.99,29551.945,29872.213,30220.285,15730.207,23838.783,15754.458,13-09-0201,"May 2",0.4574,,,,,,,,,,
"INSTITUTO COSTARRICENSE DE ELECTRICIDAD",2018,"Setiembre ","SOLAR MIRAVALLES",90831.5,,,,,,,,,27-10-2025,,0.1262,,,,,,,,,,
"INSTITUTO COSTARRICENSE DE ELECTRICIDAD",2018,"Setiembre ","MIRAVALLES V",0,0,0.48,-35.681,-39.387,0.132,-48.59,-60.444,-16.757,06-09-0201,"May 2",0.0000,,,,,,,,,,
"INSTITUTO COSTARRICENSE DE ELECTRICIDAD",2018,"Setiembre ","MOÍN GAS II",0,0,0.566,-97.777,-98.8,-96.939,-106.772,-127.842,-146.773,01-09-0201,"May 2",0.0000,6785,0,0,0,0,5802317.67,0,0,0,0
"INSTITUTO COSTARRICENSE DE ELECTRICIDAD",2018,"Setiembre ","MOÍN GAS III",0,0,19.755,-108.425,-107.715,-116.243,-177.772,-218.517,-216.735,04-09-0201,"May 2",0.0000,2468,0,0,0,0,0,0,0,0,0
"INSTITUTO COSTARRICENSE DE ELECTRICIDAD",2018,"Setiembre ",OROTINA,0,0,27883.147,0,0,5081.923,0,0,0,12-09-0201,"May 2",0.0041,6007,0,0,0,0,3715897.22,0,0,0,0
"INSTITUTO COSTARRICENSE DE ELECTRICIDAD",2018,"Setiembre ","LAS PAILAS",2483441.762,4519031.479,5013111.152,17779.188,17831.975,17829.006,17567.41,17655.73,17614.256,01-09-0201,"May 2",0.4768,,,,,,,,,,
"INSTITUTO COSTARRICENSE DE ELECTRICIDAD",2018,"Setiembre ",GARABITO,0,0,22505.829,-484.256,-519.39,17016.17,-545.295,-615.236,-587.748,28-09-0201,"May 2",0.0002,12640,0,0,0,580,7869368.08,0,0,0,717999.7
"INSTITUTO COSTARRICENSE DE ELECTRICIDAD",2018,"Setiembre ","LA GARITA ",3106437.277,5622871.792,7906968.03,38965.172,38930.32,38895.621,23155.131,33345.152,34134.754,14-09-0201,"May 2",0.5776,,,,,,,,,,
"INSTITUTO COSTARRICENSE DE ELECTRICIDAD",2018,"Setiembre ",GUÁPILES,0,0,0,0,0,0,-49.83,0,0,05-09-0201,"May 2",0.0000,0,0,0,0,0,0,0,0,0,0
"INSTITUTO COSTARRICENSE DE ELECTRICIDAD",2018,"Setiembre ","MIRAVALLES I",6297736.24,11318315.646,12448424.919,43532.121,43582.945,43881.68,42790.023,42845.223,42181.234,14-09-0201,"May 2",0.9853,,,,,,,,,,
"INSTITUTO COSTARRICENSE DE ELECTRICIDAD",2018,"Setiembre ","MIRAVALLES II",0,3715.339,9635.707,0,14834.016,18874.309,0,-130.113,-133.603,09-09-0201,"May 2",0.0004,,,,,,,,,,
"INSTITUTO COSTARRICENSE DE ELECTRICIDAD",2018,"Setiembre ","MIRAVALLES III",0,0,0,0,0,0,0,0,0,01-09-0201,"May 2",0.0000,,,,,,,,,,
"INSTITUTO COSTARRICENSE DE ELECTRICIDAD",2018,"Setiembre ",BARRANCA,0.006,0,0.006,-64.97,-65.756,-65.597,-69.521,-68.388,-69.006,06-09-0201,"May 2",0.0000,0,0,0,0,0,0,0,0,0,0
"INSTITUTO COSTARRICENSE DE ELECTRICIDAD",2018,"Setiembre ","BOCA DE POZO",0,0,0,0,0,0,0,0,0,01-09-0201,"May 2",0.0000,,,,,,,,,,
"INSTITUTO COSTARRICENSE DE ELECTRICIDAD",2018,"Setiembre ",CACHÍ,9156731.842,17162734.933,24040315.59,117725.777,118456.059,118460.875,0,114347.648,117891.816,12-09-0201,"May 2",0.4399,,,,,,,,,,
"INSTITUTO COSTARRICENSE DE ELECTRICIDAD",2018,"Setiembre ",CARIBLANCO,4315610.562,6238333.838,11798046.587,78065.473,78295.105,65548.152,41732.33,26797.983,32326.43,01-09-0201,"May 2",0.3786,,,,,,,,,,
"INSTITUTO COSTARRICENSE DE ELECTRICIDAD",2018,"Setiembre ","MIGUEL DENGO",11670280.929,21177811.756,30183467.887,154672.117,173123.137,175580.168,117053.914,117395.43,117268.281,11-09-0201,"May 2",0.5031,,,,,,,,,,
"INSTITUTO COSTARRICENSE DE ELECTRICIDAD",2018,"Setiembre ",ECHANDI,2918076,,,,,,,,,27-10-2025,,0.9425,,,,,,,,,,
"INSTITUTO COSTARRICENSE DE ELECTRICIDAD",2018,"Agosto    ","TORO I",1684546.198,3127305.22,3813431.435,26087.559,26093.979,26048.674,11936.742,11867.269,7016.652,03-08-0201,"Sep 1",0.4564,,,,,,,,,,
"INSTITUTO COSTARRICENSE DE ELECTRICIDAD",2018,"Agosto    ","TORO II",4182339.3,7019354.483,12029548.528,65467.301,65638.311,65345.434,32139.439,29730.26,32402.388,24-08-0201,"Sep 1",0.4731,,,,,,,,,,
"INSTITUTO COSTARRICENSE DE ELECTRICIDAD",2018,"Agosto    ","TORO III",3131550.733,5232003.673,8796186.002,45689.873,45956.721,46198.92,23587.658,21771.164,23773.688,02-08-0201,"Sep 1",0.4854,,,,,,,,,,
"INSTITUTO COSTARRICENSE DE ELECTRICIDAD",2018,"Agosto    ","VENTANAS GARITA",6360458.099,12699593.519,16131855.519,97246.355,98725.879,99469.395,48102.649,49300.099,49352.591,01-08-0201,"Sep 1",0.4730,,,,,,,,,,
"INSTITUTO COSTARRICENSE DE ELECTRICIDAD",2018,"Agosto    ",PIRRÍS,4414219.864,6485017.387,11283086.789,84043.922,111819.164,138586.961,36773.197,62789.89,106627.691,01-08-0201,"Sep 1",0.2130,,,,,,,,,,
"INSTITUTO COSTARRICENSE DE ELECTRICIDAD",2018,"Agosto    ",REVENTAZON,15227172.062,27331954.555,36232120.83,240972.59,273587.095,243877.317,211409.195,164361.454,210967.765,14-08-0201,"Sep 1",0.3459,,,,,,,,,,
"INSTITUTO COSTARRICENSE DE ELECTRICIDAD",2018,"Agosto    ","RÍO MACHO",10680654.658,19697900.806,24686619.122,127934.654,138988.684,139325.535,87914.811,134697.922,125864.684,29-08-0201,"Sep 1",0.5287,,,,,,,,,,
"INSTITUTO COSTARRICENSE DE ELECTRICIDAD",2018,"Agosto    ","SAN ANTONIO GAS",0,0,2.265,0,0,4.066,0,0,0,31-08-0201,"Sep 1",0.0000,1323,0,0,0,0,743768.553,0,0,0,0
"INSTITUTO COSTARRICENSE DE ELECTRICIDAD",2018,"Agosto    ",SANDILLAL,1518332.457,2769218.234,3110980.759,31826.707,30317.422,30258.881,8559.181,10078.276,10089.946,20-08-0201,"Sep 1",0.3210,,,,,,,,,,
"INSTITUTO COSTARRICENSE DE ELECTRICIDAD",2018,"Agosto    ",TEJONA,1483850.977,2581341.591,2864725.971,15290.226,15354.598,15388.451,1311.54,5510.354,-119.346,30-08-0201,"Sep 1",0.5428,,,,,,,,,,
"INSTITUTO COSTARRICENSE DE ELECTRICIDAD",2018,"Agosto    ","MIRAVALLES V",0,0,0,-50.082,-56.695,-54.859,-61.033,-62.698,-59.634,03-08-0201,"Sep 1",0.0000,,,,,,,,,,
"INSTITUTO COSTARRICENSE DE ELECTRICIDAD",2018,"Agosto    ","MOÍN GAS II",0.836,0,0.879,-95.212,-95.748,-93.579,-104.48,-100.752,-99.238,24-08-0201,"Sep 1",0.0000,1850,0,0,0,0,1161129.353,0,0,0,0
"INSTITUTO COSTARRICENSE DE ELECTRICIDAD",2018,"Agosto    ","MOÍN GAS III",212.66,442.526,190.054,-59.83,-5.984,-67.37,-112.918,-66.655,-77.489,19-08-0201,"Sep 1",0.0000,15422,0,0,0,0,9670874.162,0,0,0,0
"INSTITUTO COSTARRICENSE DE ELECTRICIDAD",2018,"Agosto    ",OROTINA,0,0,0.408,0,0,1.627,0,0,0,28-08-0201,"Sep 1",0.0000,143,0,0,0,0,88490.443,0,0,0,0
"INSTITUTO COSTARRICENSE DE ELECTRICIDAD",2018,"Agosto    ","LAS PAILAS",3029522.831,5556064.442,5927719.345,30956.188,31175.332,31271.68,19183.172,17792.074,17604.24,15-08-0201,"Sep 1",0.5573,,,,,,,,,,
"INSTITUTO COSTARRICENSE DE ELECTRICIDAD",2018,"Agosto    ","PEÑAS BLANCAS",3383388.512,6660557.203,8016425.151,36534.008,36240.156,36366.973,33874.508,34152.445,32606.609,11-08-0201,"Sep 1",0.6706,,,,,,,,,,
"INSTITUTO COSTARRICENSE DE ELECTRICIDAD",2018,"Agosto    ","LA GARITA ",2902750.12,5489747.992,7831996.64,38691.523,38934.336,38907.871,27799.805,29084.59,29107.123,27-08-0201,"Sep 1",0.5452,,,,,,,,,,
"INSTITUTO COSTARRICENSE DE ELECTRICIDAD",2018,"Agosto    ",GUÁPILES,0,0,1.645,-25.379,-24.72,0,-31.004,-45.922,-31.275,14-08-0201,"Sep 1",0.0000,0,0,0,0,0,0,0,0,0,0
"INSTITUTO COSTARRICENSE DE ELECTRICIDAD",2018,"Agosto    ","MIRAVALLES I",3353857.484,6194400.704,6439293.818,43313.109,43346.539,43080.258,-137.372,42261.742,42523.477,24-08-0201,"Sep 1",0.5070,,,,,,,,,,
"INSTITUTO COSTARRICENSE DE ELECTRICIDAD",2018,"Agosto    ","MIRAVALLES II",2651390.633,4752519.225,5509737.051,43347.988,43322.156,43727.18,42091.137,-138.962,-132.804,02-08-0201,"Sep 1",0.4101,,,,,,,,,,
"INSTITUTO COSTARRICENSE DE ELECTRICIDAD",2018,"Agosto    ","MIRAVALLES III",0,0,7325.811,0,0,5553.345,0,0,0,28-08-0201,"Sep 1",0.0004,,,,,,,,,,
"INSTITUTO COSTARRICENSE DE ELECTRICIDAD",2018,"Agosto    ","SOLAR MIRAVALLES",72702.56,,,,,,,,,27-10-2025,,0.0977,,,,,,,,,,
"INSTITUTO COSTARRICENSE DE ELECTRICIDAD",2018,"Agosto    ","BOCA DE POZO",0,3347.33,2057.907,0,5056.339,3725.287,0,0,0,07-08-0201,"Sep 1",0.0015,,,,,,,,,,
"INSTITUTO COSTARRICENSE DE ELECTRICIDAD",2018,"Agosto    ",CACHÍ,5007697.726,9689934.899,17197255.542,78867.961,118624.863,118573.625,74492.281,39001.086,39042.672,01-08-0201,"Sep 1",0.2696,,,,,,,,,,
"INSTITUTO COSTARRICENSE DE ELECTRICIDAD",2018,"Agosto    ",CARIBLANCO,6257524.92,10666056.351,16724565.778,79187.945,79466.207,79357.633,53691.898,63684.367,59631.139,24-08-0201,"Sep 1",0.5515,,,,,,,,,,
"INSTITUTO COSTARRICENSE DE ELECTRICIDAD",2018,"Agosto    ","MIGUEL DENGO",8912830.056,15935659.272,21029033.302,118990.039,119672.172,117851.883,60057.91,117110.637,117268.594,31-08-0201,"Sep 1",0.3544,,,,,,,,,,
"INSTITUTO COSTARRICENSE DE ELECTRICIDAD",2018,"Agosto    ",ECHANDI,2721407,,,,,,,,,27-10-2025,,0.8507,,,,,,,,,,
"INSTITUTO COSTARRICENSE DE ELECTRICIDAD",2018,"Agosto    ",GARABITO,0,0,304582.403,-496.44,-541.29,32671.762,-654.355,-622.482,-529.698,11-08-0201,"Sep 1",0.0021,27085,0,448134,0,4201,16876240.594,0,135796993.3,0,5196907.71
"COMPAÑIA NACIONAL DE FUERZA Y LUZ S.A.",2018,"Agosto    ",ELECTRIONA,687537,821348,933558,4964.82,4998.23,5017.28,4845,2966.85,4061.61,10-08-0201,"Sep 1",0.5636,,,,,,,,,,
"COMPAÑIA NACIONAL DE FUERZA Y LUZ S.A.",2018,"Agosto    ","RÍO SEGUNDO",124650,178556,199606,1206.97,1219.9,1182.06,989,988.91,988.7,10-08-0201,"Sep 1",0.5407,,,,,,,,,,
"COMPAÑIA NACIONAL DE FUERZA Y LUZ S.A.",2018,"Agosto    ","P.E VALLE CENTRAL",461248.46,789474.55,929579.92,14235.48,14223.28,14862.66,1411.1,1989.08,1113.38,10-08-0201,"Sep 1",0.2601,,,,,,,,,,
"COMPAÑIA NACIONAL DE FUERZA Y LUZ S.A.",2018,"Agosto    ",VENTANAS,293891,449412,550141,9661.79,9426.3,9507.27,0,4322.83,5131.15,10-08-0201,"Sep 1",0.1543,,,,,,,,,,
"COMPAÑIA NACIONAL DE FUERZA Y LUZ S.A.",2018,"Agosto    ","BALSA INFERIOR",3994644.766,2345102.942,1664377.123,36515.208,29547.904,24512.892,36052.44,15685.99,9851.96,10-08-0201,"Sep 1",0.2869,,,,,,,,,,
"COMPAÑIA NACIONAL DE FUERZA Y LUZ S.A.",2018,"Agosto    ",BELÉN,1387795.27,2369611.43,2625145.03,9578.92,9962.31,10287.32,9411.67,9430.45,9078.47,10-08-0201,"Sep 1",0.8168,,,,,,,,,,
"COMPAÑIA NACIONAL DE FUERZA Y LUZ S.A.",2018,"Agosto    ",BRASIL,3203706,3110427,2811704,24084.05,24346.74,24504.09,22046.24,20729.58,22854.27,10-08-0201,"Sep 1",0.5111,,,,,,,,,,
"COMPAÑIA NACIONAL DE FUERZA Y LUZ S.A.",2018,"Agosto    ",COTE,836669.26,947873.76,115415.47,7116.58,7197.52,7089.28,7037.03,6988.88,6158.11,10-08-0201,"Sep 1",0.3763,,,,,,,,,,
"COMPAÑIA NACIONAL DE FUERZA Y LUZ S.A.",2018,"Agosto    ","DANIEL GUTIÉRREZ",2099227.212,2075258.121,2150725.719,13996.8,14029.2,13838.12,13859.88,13796.83,13763.42,10-08-0201,"Sep 1",0.4225,,,,,,,,,,
"COMPAÑIA NACIONAL DE FUERZA Y LUZ S.A.",2018,"Agosto    ","EL ENCANTO",1136463.29,1863267.6,1837089.7,8631.71,8771.23,8862.45,8593.12,8587.14,6020.51,10-08-0201,"Sep 1",0.7157,,,,,,,,,,
"INSTITUTO COSTARRICENSE DE ELECTRICIDAD",2018,"Agosto    ",ANGOSTURA,7636218.776,13657506.192,25145868.96,118833.18,118834.648,119790.887,118371.465,95229.023,118552.656,20-08-0201,"Sep 1",0.3468,,,,,,,,,,
"INSTITUTO COSTARRICENSE DE ELECTRICIDAD",2018,"Agosto    ",ARENAL,7515784.49,13180305.748,17854234.24,105594.859,106876.816,106320.441,49488.098,104926.695,104948.148,28-08-0201,"Sep 1",0.3121,,,,,,,,,,
"INSTITUTO COSTARRICENSE DE ELECTRICIDAD",2018,"Agosto    ",BARRANCA,0.001,0,0.002,-65.442,-65.899,-65.955,-74.659,-74.901,-74.583,16-08-0201,"Sep 1",0.0000,1293,0,0,0,0,750238.534,0,0,0,0
"EMPRESA DE SERVICIOS PUBLICOS DE HEREDIA S.A.",2018,"Agosto    ","Jorge Manuel Dengo",0,0,0,0,0,0,0,0,0,27-10-2025,,0.0000,,,,,,,,,,
"EMPRESA DE SERVICIOS PUBLICOS DE HEREDIA S.A.",2018,"Agosto    ","LOS NEGROS",2604430.5,4358277,3541377,17220,17220,17220,16926,14574,14364,20-08-0201,"Sep 2",0.7843,,,,,,,,,,
"EMPRESA DE SERVICIOS PUBLICOS DE HEREDIA S.A.",2018,"Agosto    ",TACARES,697142.34,862142.34,995951.84,6432.872,6139.124,5577.076,6135.58,3928.35,3804.6,20-08-0201,"Sep 2",0.5050,,,,,,,,,,
"EMPRESA DE SERVICIOS PUBLICOS DE HEREDIA S.A.",2018,"Agosto    ","LOS NEGROS II",2391195.42,4350670.92,4632840.82,19054.554,19054.193,19056.095,13417.18,13416.89,13412.12,20-08-0201,"Sep 2",0.5499,,,,,,,,,,
"JUNTA ADMINISTRATIVA DEL SERVICIO ELECTRICO MUNICIPAL DE CARTAGO",2018,"Agosto    ","BIRRIS I",2886521,4228724,1938745,18600,18136.3,16616.763,18600,16854.2,10922.8,21-08-0201,"Sep 1",0.7357,,,,,,,,,,
"JUNTA ADMINISTRATIVA DEL SERVICIO ELECTRICO MUNICIPAL DE CARTAGO",2018,"Agosto    ","BIRRIS III",691641,1227397,1220615,4500,4500,4500,4484,4479,3027,21-08-0201,"Sep 1",0.9378,,,,,,,,,,
"JUNTA ADMINISTRATIVA DEL SERVICIO ELECTRICO MUNICIPAL DE CARTAGO",2018,"Agosto    ",TUIS,295392,377433,330469.999,1920,1920,1920,1920,1915,1920,21-08-0201,"Sep 1",0.7024,,,,,,,,,,
"JUNTA ADMINISTRATIVA DEL SERVICIO ELECTRICO MUNICIPAL DE CARTAGO",2018,"Agosto    ","BARRO MORADO",134506,239221,275331,1000,900,900,900,900,900,21-08-0201,"Sep 1",0.6462,,,,,,,,,,
"JUNTA ADMINISTRATIVA DEL SERVICIO ELECTRICO MUNICIPAL DE CARTAGO",2018,"Agosto    ","TORO III (JASEC)",2217941.024,3772151.353,2593652.618,22978.362,23099.455,22914.071,18556.4,15286.4,16482.9,21-08-0201,"Sep 1",0.4807,,,,,,,,,,
"COOPERATIVA DE ELECTRIFICACION RURAL DE SAN CARLOS R.L.",2018,"Agosto    ",CHOCOSUELAS,3534266.266,3912973.125,1025917.02,25837.793,25871.76,24801.395,25118.55,16610.556,9985.837,03-08-0201,"Sep 1",0.4340,,,,,,,,,,
"COOPERATIVA DE ELECTRIFICACION RURAL DE SAN CARLOS R.L.",2018,"Agosto    ",CUBUJUQUÍ,3194506.955,5011777.002,4031627.568,21834.871,21846.177,21854.281,21413.304,21425.455,15010.529,03-08-0201,"Sep 1",0.7470,,,,,,,,,,
"COOPERATIVA DE ELECTRIFICACION RURAL DE SAN CARLOS R.L.",2018,"Agosto    ","LA ESPERANZA",682108.443,980967.913,1078702.75,5283.826,5278.575,5291.481,5224.976,5234.826,,03-08-0201,"Sep 1",0.7370,,,,,,,,,,
"COOPERATIVA DE ELECTRIFICACION RURAL DE SAN CARLOS R.L.",2018,"Agosto    ","AGUAS ZARCAS",2209360.594,3090570.456,3287188.244,14836.089,14842.388,14845.328,14719.316,8964.711,13023.583,03-08-0201,"Sep 1",0.8210,,,,,,,,,,
"COOPERATIVA DE ELECTRIFICACION RURAL DE GUANACASTE R.L.",2018,"Agosto    ",CANALETE,2274051.957,3185841.98,1367735.531,15598.413,15611.418,15595.851,15542.097,10169.945,0,11-10-0201,"Nov 1",0.5880,,,,,,,,,,
"COOPERATIVA DE ELECTRIFICACION RURAL DE GUANACASTE R.L.",2018,"Agosto    ",BIJAGUA,2402608.644,3339052.86,1858488.039,16932.527,16941.57,16908.488,11542.971,0,0,11-10-0201,"Nov 1",0.6080,,,,,,,,,,
"COOPERATIVA DE ELECTRIFICACION RURAL DE GUANACASTE R.L.",2018,"Agosto    ",JUANILAMA,199439.553,371092.57,1636.249,4259.407,4212.219,410.374,0,1376.22,0,11-10-0201,"Nov 1",0.1530,,,,,,,,,,
"COOPERATIVA DE ELECTRIFICACION RURAL DE GUANACASTE R.L.",2018,"Agosto    ","RIO NARANJO",383546.485,592782.17,800939.964,8606.43,8654.669,8555.187,216.474,99.745,0,11-10-0201,"Nov 1",0.2654,,,,,,,,,,
"COOPERATIVA DE ELECTRIFICACION RURAL LOS SANTOS R.L.",2018,"Agosto    ","LOS SANTOS",721708.929,1367159.706,1482906.869,11636.474,11874.108,11741.117,54.5,3239.96,293.19,27-10-2025,,0.3770,,,,,,,,,,
